{"cameraMode":{"drawMode":0,"name":"Shaded","section":"Shading Mode"},"sceneLighting":false,"audioPlay":false,"sceneViewState":{"m_AlwaysRefresh":false,"showFog":true,"showSkybox":true,"showFlares":true,"showImageEffects":true,"showParticleSystems":true,"showVisualEffectGraphs":true,"m_FxEnabled":true},"in2DMode":false,"pivot":{"x":258.6492919921875,"y":168.6209716796875,"z":-37.94386291503906},"rotation":{"x":-0.038013849407434466,"y":0.0644080713391304,"z":0.0024553590919822456,"w":0.9972015619277954},"size":101.90000915527344,"orthographic":false}