{"cameraMode":{"drawMode":0,"name":"Shaded","section":"Shading Mode"},"sceneLighting":false,"audioPlay":false,"sceneViewState":{"m_AlwaysRefresh":false,"showFog":true,"showSkybox":true,"showFlares":true,"showImageEffects":true,"showParticleSystems":true,"showVisualEffectGraphs":true,"m_FxEnabled":true},"in2DMode":false,"pivot":{"x":351.8204040527344,"y":-181.3555450439453,"z":365.46514892578127},"rotation":{"x":0.15893670916557313,"y":0.37208765745162966,"z":-0.06482302397489548,"w":0.9122037887573242},"size":276.35491943359377,"orthographic":false}