{"cameraMode":{"drawMode":0,"name":"Shaded","section":"Shading Mode"},"sceneLighting":true,"audioPlay":false,"sceneViewState":{"m_AlwaysRefresh":false,"showFog":true,"showSkybox":true,"showFlares":true,"showImageEffects":true,"showParticleSystems":true,"showVisualEffectGraphs":true,"m_FxEnabled":true},"in2DMode":false,"pivot":{"x":3.5809168815612795,"y":-13.186193466186524,"z":13.398855209350586},"rotation":{"x":0.3626031279563904,"y":-0.1211155578494072,"z":0.04759014770388603,"w":0.9228141903877258},"size":16.722230911254884,"orthographic":false}