{"cameraMode":{"drawMode":0,"name":"Shaded","section":"Shading Mode"},"sceneLighting":true,"audioPlay":false,"sceneViewState":{"m_AlwaysRefresh":false,"showFog":true,"showSkybox":true,"showFlares":true,"showImageEffects":true,"showParticleSystems":true,"showVisualEffectGraphs":true,"m_FxEnabled":true},"in2DMode":false,"pivot":{"x":-3.7251243591308595,"y":-1.0071463584899903,"z":22.610048294067384},"rotation":{"x":0.3712085485458374,"y":-0.23455262184143067,"z":0.09748199582099915,"w":0.8931401968002319},"size":2.245903491973877,"orthographic":false}