{"cameraMode":{"drawMode":0,"name":"Shaded","section":"Shading Mode"},"sceneLighting":false,"audioPlay":false,"sceneViewState":{"m_AlwaysRefresh":false,"showFog":true,"showSkybox":true,"showFlares":true,"showImageEffects":true,"showParticleSystems":true,"showVisualEffectGraphs":true,"m_FxEnabled":true},"in2DMode":false,"pivot":{"x":24.926467895507814,"y":-12.006011962890625,"z":186.3536376953125},"rotation":{"x":0.05677159130573273,"y":0.08316612243652344,"z":-0.004750823602080345,"w":0.9949208498001099},"size":116.16142272949219,"orthographic":false}