{"cameraMode":{"drawMode":0,"name":"Shaded","section":"Shading Mode"},"sceneLighting":true,"audioPlay":false,"sceneViewState":{"m_AlwaysRefresh":false,"showFog":true,"showSkybox":true,"showFlares":true,"showImageEffects":true,"showParticleSystems":true,"showVisualEffectGraphs":true,"m_FxEnabled":true},"in2DMode":false,"pivot":{"x":2.2056446075439455,"y":-8.951638221740723,"z":13.902284622192383},"rotation":{"x":0.2741963565349579,"y":-0.15210384130477906,"z":0.043968550860881808,"w":0.9485519528388977},"size":15.390725135803223,"orthographic":false}