{"cameraMode":{"drawMode":0,"name":"Shaded","section":"Shading Mode"},"sceneLighting":false,"audioPlay":false,"sceneViewState":{"m_AlwaysRefresh":false,"showFog":true,"showSkybox":true,"showFlares":true,"showImageEffects":true,"showParticleSystems":true,"showVisualEffectGraphs":true,"m_FxEnabled":true},"in2DMode":false,"pivot":{"x":24.184688568115236,"y":-25.744789123535158,"z":79.67066955566406},"rotation":{"x":0.19341421127319337,"y":0.16370585560798646,"z":-0.03258945420384407,"w":0.9669305682182312},"size":47.92592239379883,"orthographic":false}