{"cameraMode":{"drawMode":0,"name":"Shaded","section":"Shading Mode"},"sceneLighting":false,"audioPlay":false,"sceneViewState":{"m_AlwaysRefresh":false,"showFog":true,"showSkybox":true,"showFlares":true,"showImageEffects":true,"showParticleSystems":true,"showVisualEffectGraphs":true,"m_FxEnabled":true},"in2DMode":false,"pivot":{"x":3.7214784622192385,"y":2.554140090942383,"z":-40.910770416259769},"rotation":{"x":0.0009466962656006217,"y":0.9874657392501831,"z":-0.005924850702285767,"w":0.15773393213748933},"size":14.557683944702149,"orthographic":false}