{"cameraMode":{"drawMode":0,"name":"Shaded","section":"Shading Mode"},"sceneLighting":false,"audioPlay":false,"sceneViewState":{"m_AlwaysRefresh":false,"showFog":true,"showSkybox":true,"showFlares":true,"showImageEffects":true,"showParticleSystems":true,"showVisualEffectGraphs":true,"m_FxEnabled":true},"in2DMode":false,"pivot":{"x":1087.7330322265625,"y":616.7244873046875,"z":120.111572265625},"rotation":{"x":0.029362158849835397,"y":0.04646497592329979,"z":-0.0013963266974315048,"w":0.998524010181427},"size":682.2044067382813,"orthographic":false}