{"cameraMode":{"drawMode":0,"name":"Shaded","section":"Shading Mode"},"sceneLighting":false,"audioPlay":false,"sceneViewState":{"m_AlwaysRefresh":false,"showFog":true,"showSkybox":true,"showFlares":true,"showImageEffects":true,"showParticleSystems":true,"showVisualEffectGraphs":true,"m_FxEnabled":true},"in2DMode":false,"pivot":{"x":389.5486145019531,"y":-20.079288482666017,"z":145.7090606689453},"rotation":{"x":0.022249260917305948,"y":0.566918671131134,"z":-0.015291369520127774,"w":0.8233519196510315},"size":211.93052673339845,"orthographic":false}