{"cameraMode":{"drawMode":0,"name":"Shaded","section":"Shading Mode"},"sceneLighting":false,"audioPlay":false,"sceneViewState":{"m_AlwaysRefresh":false,"showFog":true,"showSkybox":true,"showFlares":true,"showImageEffects":true,"showParticleSystems":true,"showVisualEffectGraphs":true,"m_FxEnabled":true},"in2DMode":false,"pivot":{"x":-18.673486709594728,"y":722.1914672851563,"z":270.7342834472656},"rotation":{"x":-0.26531606912612917,"y":0.000011384653589630034,"z":0.00002339638194825966,"w":-0.964277446269989},"size":99.6373062133789,"orthographic":false}