{"cameraMode":{"drawMode":0,"name":"Shaded","section":"Shading Mode"},"sceneLighting":true,"audioPlay":false,"sceneViewState":{"m_AlwaysRefresh":false,"showFog":true,"showSkybox":true,"showFlares":true,"showImageEffects":true,"showParticleSystems":true,"showVisualEffectGraphs":true,"m_FxEnabled":true},"in2DMode":false,"pivot":{"x":6.769504547119141,"y":-26.193923950195314,"z":52.508148193359378},"rotation":{"x":0.27214545011520388,"y":0.14828090369701386,"z":-0.04237273707985878,"w":0.9499258399009705},"size":52.3380012512207,"orthographic":false}