{"cameraMode":{"drawMode":0,"name":"Shaded","section":"Shading Mode"},"sceneLighting":true,"audioPlay":false,"sceneViewState":{"m_AlwaysRefresh":false,"showFog":true,"showSkybox":true,"showFlares":true,"showImageEffects":true,"showParticleSystems":true,"showVisualEffectGraphs":true,"m_FxEnabled":true},"in2DMode":false,"pivot":{"x":14.047977447509766,"y":-21.686805725097658,"z":53.615875244140628},"rotation":{"x":-0.20604628324508668,"y":-0.5714777112007141,"z":0.15099239349365235,"w":-0.7798529267311096},"size":58.06519317626953,"orthographic":false}