{"cameraMode":{"drawMode":0,"name":"Shaded","section":"Shading Mode"},"sceneLighting":false,"audioPlay":false,"sceneViewState":{"m_AlwaysRefresh":false,"showFog":true,"showSkybox":true,"showFlares":true,"showImageEffects":true,"showParticleSystems":true,"showVisualEffectGraphs":true,"m_FxEnabled":true},"in2DMode":false,"pivot":{"x":2.3279881477355959,"y":0.13177156448364259,"z":-29.684467315673829},"rotation":{"x":0.04886273294687271,"y":0.9219055771827698,"z":-0.12381171435117722,"w":0.36384421586990359},"size":2.964935302734375,"orthographic":false}