{"cameraMode":{"drawMode":0,"name":"Shaded","section":"Shading Mode"},"sceneLighting":false,"audioPlay":false,"sceneViewState":{"m_AlwaysRefresh":false,"showFog":true,"showSkybox":true,"showFlares":true,"showImageEffects":true,"showParticleSystems":true,"showVisualEffectGraphs":true,"m_FxEnabled":true},"in2DMode":false,"pivot":{"x":482.75994873046877,"y":-231.58836364746095,"z":49.746315002441409},"rotation":{"x":0.15954627096652986,"y":0.6674957871437073,"z":-0.14961101114749909,"w":0.7117857933044434},"size":324.63238525390627,"orthographic":false}