{"cameraMode":{"drawMode":0,"name":"Shaded","section":"Shading Mode"},"sceneLighting":true,"audioPlay":false,"sceneViewState":{"m_AlwaysRefresh":false,"showFog":true,"showSkybox":true,"showFlares":true,"showImageEffects":true,"showParticleSystems":true,"showVisualEffectGraphs":true,"m_FxEnabled":true},"in2DMode":false,"pivot":{"x":24.250564575195314,"y":-28.520858764648439,"z":62.34416198730469},"rotation":{"x":0.22516733407974244,"y":0.5844514966011047,"z":-0.1731356829404831,"w":0.7600942850112915},"size":60.223270416259769,"orthographic":false}