{"cameraMode":{"drawMode":0,"name":"Shaded","section":"Shading Mode"},"sceneLighting":true,"audioPlay":false,"sceneViewState":{"m_AlwaysRefresh":false,"showFog":true,"showSkybox":true,"showFlares":true,"showImageEffects":true,"showParticleSystems":true,"showVisualEffectGraphs":true,"m_FxEnabled":true},"in2DMode":false,"pivot":{"x":-22.225112915039064,"y":13.769309043884278,"z":-21.09780502319336},"rotation":{"x":-0.033895883709192279,"y":0.9593710899353027,"z":-0.247329443693161,"w":-0.13147953152656556},"size":3.5777337551116945,"orthographic":false}