{"cameraMode":{"drawMode":0,"name":"Shaded","section":"Shading Mode"},"sceneLighting":false,"audioPlay":false,"sceneViewState":{"m_AlwaysRefresh":false,"showFog":true,"showSkybox":true,"showFlares":true,"showImageEffects":true,"showParticleSystems":true,"showVisualEffectGraphs":true,"m_FxEnabled":true},"in2DMode":false,"pivot":{"x":144.29820251464845,"y":-113.76060485839844,"z":218.3055877685547},"rotation":{"x":0.23805437982082368,"y":0.36074453592300417,"z":-0.09577213227748871,"w":0.8966731429100037},"size":216.0264892578125,"orthographic":false}