{"cameraMode":{"drawMode":0,"name":"Shaded","section":"Shading Mode"},"sceneLighting":true,"audioPlay":false,"sceneViewState":{"m_AlwaysRefresh":false,"showFog":true,"showSkybox":true,"showFlares":true,"showImageEffects":true,"showParticleSystems":true,"showVisualEffectGraphs":true,"m_FxEnabled":true},"in2DMode":false,"pivot":{"x":-0.5038881301879883,"y":-11.418611526489258,"z":12.417657852172852},"rotation":{"x":0.3712085485458374,"y":-0.23455262184143067,"z":0.09748199582099915,"w":0.8931401968002319},"size":15.108376502990723,"orthographic":false}