{"cameraMode":{"drawMode":0,"name":"Shaded","section":"Shading Mode"},"sceneLighting":true,"audioPlay":false,"sceneViewState":{"m_AlwaysRefresh":false,"showFog":true,"showSkybox":true,"showFlares":true,"showImageEffects":true,"showParticleSystems":true,"showVisualEffectGraphs":true,"m_FxEnabled":true},"in2DMode":false,"pivot":{"x":12.823009490966797,"y":2.9383010864257814,"z":-7.717731475830078},"rotation":{"x":0.25559380650520327,"y":0.2756953239440918,"z":-0.07629487663507462,"w":0.9235207438468933},"size":6.334918022155762,"orthographic":false}