{"cameraMode":{"drawMode":0,"name":"Shaded","section":"Shading Mode"},"sceneLighting":false,"audioPlay":false,"sceneViewState":{"m_AlwaysRefresh":false,"showFog":true,"showSkybox":true,"showFlares":true,"showImageEffects":true,"showParticleSystems":true,"showVisualEffectGraphs":true,"m_FxEnabled":true},"in2DMode":false,"pivot":{"x":-18.697555541992189,"y":802.7877197265625,"z":180.02484130859376},"rotation":{"x":0.25005632638931277,"y":-0.15329702198505402,"z":0.03960353881120682,"w":0.9554194211959839},"size":8.177406311035157,"orthographic":false}