{"cameraMode":{"drawMode":0,"name":"Shaded","section":"Shading Mode"},"sceneLighting":false,"audioPlay":false,"sceneViewState":{"m_AlwaysRefresh":false,"showFog":true,"showSkybox":true,"showFlares":true,"showImageEffects":true,"showParticleSystems":true,"showVisualEffectGraphs":true,"m_FxEnabled":true},"in2DMode":false,"pivot":{"x":22.3959903717041,"y":0.20086407661437989,"z":11.572775840759278},"rotation":{"x":0.05264659970998764,"y":0.5473573803901672,"z":-0.03452755883336067,"w":0.8345358371734619},"size":15.554980278015137,"orthographic":false}