{"cameraMode":{"drawMode":0,"name":"Shaded","section":"Shading Mode"},"sceneLighting":false,"audioPlay":false,"sceneViewState":{"m_AlwaysRefresh":false,"showFog":true,"showSkybox":true,"showFlares":true,"showImageEffects":true,"showParticleSystems":true,"showVisualEffectGraphs":true,"m_FxEnabled":true},"in2DMode":false,"pivot":{"x":-253.58059692382813,"y":231.23452758789063,"z":702.6199951171875},"rotation":{"x":-0.11316045373678208,"y":-0.020275821909308435,"z":0.0031172395683825018,"w":-0.9937329888343811},"size":894.2139892578125,"orthographic":false}