{"cameraMode":{"drawMode":0,"name":"Shaded","section":"Shading Mode"},"sceneLighting":false,"audioPlay":false,"sceneViewState":{"m_AlwaysRefresh":false,"showFog":true,"showSkybox":true,"showFlares":true,"showImageEffects":true,"showParticleSystems":true,"showVisualEffectGraphs":true,"m_FxEnabled":true},"in2DMode":false,"pivot":{"x":733.4368286132813,"y":454.97314453125,"z":370.39093017578127},"rotation":{"x":0.04439561814069748,"y":0.01054664608091116,"z":-0.0010259149130433798,"w":0.9993510842323303},"size":583.8060913085938,"orthographic":false}