{"cameraMode":{"drawMode":0,"name":"Shaded","section":"Shading Mode"},"sceneLighting":false,"audioPlay":false,"sceneViewState":{"m_AlwaysRefresh":false,"showFog":true,"showSkybox":true,"showFlares":true,"showImageEffects":true,"showParticleSystems":true,"showVisualEffectGraphs":true,"m_FxEnabled":true},"in2DMode":false,"pivot":{"x":27.679698944091798,"y":-11.662895202636719,"z":22.885108947753908},"rotation":{"x":-0.1649712771177292,"y":-0.35451436042785647,"z":0.06419257819652558,"w":-0.9184786081314087},"size":24.386672973632814,"orthographic":false}