{"cameraMode":{"drawMode":0,"name":"Shaded","section":"Shading Mode"},"sceneLighting":false,"audioPlay":false,"sceneViewState":{"m_AlwaysRefresh":false,"showFog":true,"showSkybox":true,"showFlares":true,"showImageEffects":true,"showParticleSystems":true,"showVisualEffectGraphs":true,"m_FxEnabled":true},"in2DMode":false,"pivot":{"x":49.612518310546878,"y":-43.26011657714844,"z":149.06451416015626},"rotation":{"x":0.2654300332069397,"y":0.40804383158683779,"z":-0.12528403103351594,"w":0.8644945621490479},"size":187.76181030273438,"orthographic":false}