{"cameraMode":{"drawMode":0,"name":"Shaded","section":"Shading Mode"},"sceneLighting":false,"audioPlay":false,"sceneViewState":{"m_AlwaysRefresh":false,"showFog":true,"showSkybox":true,"showFlares":true,"showImageEffects":true,"showParticleSystems":true,"showVisualEffectGraphs":true,"m_FxEnabled":true},"in2DMode":false,"pivot":{"x":-1.8221089839935303,"y":719.6466674804688,"z":112.74053955078125},"rotation":{"x":0.20053721964359284,"y":0.0014765106607228518,"z":-0.00026981724658980966,"w":0.9797221422195435},"size":108.87405395507813,"orthographic":false}