{"cameraMode":{"drawMode":0,"name":"Shaded","section":"Shading Mode"},"sceneLighting":false,"audioPlay":false,"sceneViewState":{"m_AlwaysRefresh":false,"showFog":true,"showSkybox":true,"showFlares":true,"showImageEffects":true,"showParticleSystems":true,"showVisualEffectGraphs":true,"m_FxEnabled":true},"in2DMode":false,"pivot":{"x":-19.767799377441408,"y":-18.569290161132814,"z":112.50519561767578},"rotation":{"x":0.12654447555541993,"y":-0.014877920038998127,"z":0.0018996689468622208,"w":0.9918540120124817},"size":78.47509765625,"orthographic":false}