{"cameraMode":{"drawMode":0,"name":"Shaded","section":"Shading Mode"},"sceneLighting":false,"audioPlay":false,"sceneViewState":{"m_AlwaysRefresh":false,"showFog":true,"showSkybox":true,"showFlares":true,"showImageEffects":true,"showParticleSystems":true,"showVisualEffectGraphs":true,"m_FxEnabled":true},"in2DMode":false,"pivot":{"x":908.2698974609375,"y":679.4129638671875,"z":-227.94528198242188},"rotation":{"x":0.30211541056632998,"y":0.09426968544721604,"z":-0.029804959893226625,"w":0.9482913613319397},"size":429.1212463378906,"orthographic":false}