{"cameraMode":{"drawMode":0,"name":"Shaded","section":"Shading Mode"},"sceneLighting":false,"audioPlay":false,"sceneViewState":{"m_AlwaysRefresh":false,"showFog":true,"showSkybox":true,"showFlares":true,"showImageEffects":true,"showParticleSystems":true,"showVisualEffectGraphs":true,"m_FxEnabled":true},"in2DMode":false,"pivot":{"x":111.10716247558594,"y":260.2690734863281,"z":262.3429870605469},"rotation":{"x":0.24751144647598267,"y":0.26611340045928957,"z":-0.07090219110250473,"w":0.9289270043373108},"size":206.58889770507813,"orthographic":false}