{"cameraMode":{"drawMode":0,"name":"Shaded","section":"Shading Mode"},"sceneLighting":false,"audioPlay":false,"sceneViewState":{"m_AlwaysRefresh":false,"showFog":true,"showSkybox":true,"showFlares":true,"showImageEffects":true,"showParticleSystems":true,"showVisualEffectGraphs":true,"m_FxEnabled":true},"in2DMode":false,"pivot":{"x":84.00721740722656,"y":-39.976158142089847,"z":124.86569213867188},"rotation":{"x":0.15893670916557313,"y":0.37208765745162966,"z":-0.06482302397489548,"w":0.9122037887573242},"size":100.10832977294922,"orthographic":false}