{"cameraMode":{"drawMode":0,"name":"Shaded","section":"Shading Mode"},"sceneLighting":false,"audioPlay":false,"sceneViewState":{"m_AlwaysRefresh":false,"showFog":true,"showSkybox":true,"showFlares":true,"showImageEffects":true,"showParticleSystems":true,"showVisualEffectGraphs":true,"m_FxEnabled":true},"in2DMode":false,"pivot":{"x":1.2162117958068848,"y":795.7279052734375,"z":-62.10365295410156},"rotation":{"x":0.17401368916034699,"y":-0.0014713341370224953,"z":0.0002938410034403205,"w":0.9847748875617981},"size":13.96914005279541,"orthographic":false}