{"cameraMode":{"drawMode":0,"name":"Shaded","section":"Shading Mode"},"sceneLighting":false,"audioPlay":false,"sceneViewState":{"m_AlwaysRefresh":false,"showFog":true,"showSkybox":true,"showFlares":true,"showImageEffects":true,"showParticleSystems":true,"showVisualEffectGraphs":true,"m_FxEnabled":true},"in2DMode":false,"pivot":{"x":17.427486419677736,"y":-11.442672729492188,"z":28.129989624023439},"rotation":{"x":0.19774660468101502,"y":0.26669174432754519,"z":-0.0560075007379055,"w":0.9416132569313049},"size":40.85025405883789,"orthographic":false}