{"cameraMode":{"drawMode":0,"name":"Shaded","section":"Shading Mode"},"sceneLighting":false,"audioPlay":false,"sceneViewState":{"m_AlwaysRefresh":false,"showFog":true,"showSkybox":true,"showFlares":true,"showImageEffects":true,"showParticleSystems":true,"showVisualEffectGraphs":true,"m_FxEnabled":true},"in2DMode":false,"pivot":{"x":-11.047874450683594,"y":-9.820671081542969,"z":108.87030792236328},"rotation":{"x":0.22254498302936555,"y":0.5641291737556458,"z":-0.16123993694782258,"w":0.7786155343055725},"size":41.862449645996097,"orthographic":false}