{"cameraMode":{"drawMode":0,"name":"Shaded","section":"Shading Mode"},"sceneLighting":false,"audioPlay":false,"sceneViewState":{"m_AlwaysRefresh":false,"showFog":true,"showSkybox":true,"showFlares":true,"showImageEffects":true,"showParticleSystems":true,"showVisualEffectGraphs":true,"m_FxEnabled":true},"in2DMode":false,"pivot":{"x":-0.4821782112121582,"y":-5.760316848754883,"z":-65.76692199707031},"rotation":{"x":-0.055867768824100497,"y":-0.9418976902961731,"z":0.26524636149406435,"w":-0.19838909804821015},"size":11.526358604431153,"orthographic":false}